檔名,偵測到,數量,耗時
M20220102_055500_Lulin_NB[P].jpg,Yes,2,0.017
M20220805_022943_Lulin_NB[P].jpg,No,0,0.016
M20220805_023815_Lulin_NB[P].jpg,Yes,1,0.016
M20220805_031203_Lulin_NB[P].jpg,Yes,1,0.015
M20220805_032410_Lulin_NB[P].jpg,Yes,1,0.018
M20220805_040430_Lulin_NB[P].jpg,Yes,1,0.016
M20220805_041006_Lulin_NB[P].jpg,Yes,1,0.005
M20220805_041343_Lulin_NB[P].jpg,Yes,2,0.016
M20220805_044211_Lulin_NB[P].jpg,Yes,1,0.017
M20220806_002337_Lulin_NB[P].jpg,No,0,0.016
M20220806_010732_Lulin_NB[P].jpg,No,0,0.018
M20220806_023446_Lulin_NB[P].jpg,Yes,1,0.019
M20220806_023956_Lulin_NB[P].jpg,Yes,1,0.026
M20220806_032658_Lulin_NB[P].jpg,Yes,1,0.010
M20220806_034750_Lulin_NB[P].jpg,Yes,2,0.018
M20220806_034926_Lulin_NB[P].jpg,Yes,1,0.010
M20220806_035432_Lulin_NB[P].jpg,No,0,0.016
M20220806_040516_Lulin_NB[P].jpg,No,0,0.014
M20220806_041309_Lulin_NB[P].jpg,Yes,1,0.016
M20220806_043934_Lulin_NB[P].jpg,Yes,3,0.002
M20220806_195247_Lulin_NB[P].jpg,Yes,1,0.019
M20220806_235644_Lulin_NB[P].jpg,Yes,1,0.018
M20220807_005958_Lulin_NB[P].jpg,Yes,1,0.016
M20220807_020035_Lulin_NB[P].jpg,Yes,1,0.014
M20220807_033105_Lulin_NB[P].jpg,No,0,0.021
M20220807_043206_Lulin_NB[P].jpg,No,0,0.016
M20220807_043239_Lulin_NB[P].jpg,Yes,1,0.016
M20220807_043521_Lulin_NB[P].jpg,Yes,1,0.008
M20220807_044701_Lulin_NB[P].jpg,Yes,1,0.007
M20220807_223955_Lulin_NB[P].jpg,Yes,1,0.010
M20220807_230001_Lulin_NB[P].jpg,No,0,0.016
M20220807_232150_Lulin_NB[P].jpg,Yes,1,0.016
M20220808_014009_Lulin_NB[P].jpg,No,0,0.018
M20220808_020314_Lulin_NB[P].jpg,No,0,0.016
M20220808_034015_Lulin_NB[P].jpg,Yes,2,0.014
M20220808_034453_Lulin_NB[P].jpg,Yes,1,0.019
M20220808_035914_Lulin_NB[P].jpg,Yes,2,0.004
M20220808_040017_Lulin_NB[P].jpg,Yes,1,0.016
M20220808_040703_Lulin_NB[P].jpg,Yes,1,0.007
M20220808_041257_Lulin_NB[P].jpg,Yes,2,0.016
M20220808_042114_Lulin_NB[P].jpg,Yes,1,0.016
M20220808_042631_Lulin_NB[P].jpg,Yes,1,0.012
M20220808_042706_Lulin_NB[P].jpg,Yes,1,0.022
M20220808_043359_Lulin_NB[P].jpg,No,0,0.021
M20220808_043720_Lulin_NB[P].jpg,Yes,2,0.011
M20220808_044153_Lulin_NB[P].jpg,Yes,1,0.017
M20220808_235029_Lulin_NB[P].jpg,Yes,1,0.027
M20220808_235524_Lulin_NB[P].jpg,Yes,1,0.011
M20220809_011440_Lulin_NB[P].jpg,Yes,1,0.016
M20220809_021835_Lulin_NB[P].jpg,Yes,1,0.014
M20220809_022129_Lulin_NB[P].jpg,Yes,1,0.018
M20220809_035733_Lulin_NB[P].jpg,Yes,1,0.012
M20220809_035945_Lulin_NB[P].jpg,Yes,1,0.014
M20220809_040016_Lulin_NB[P].jpg,Yes,1,0.032
M20220809_041157_Lulin_NB[P].jpg,Yes,1,0.021
M20220809_041315_Lulin_NB[P].jpg,No,0,0.019
M20220809_041732_Lulin_NB[P].jpg,Yes,2,0.033
M20220809_042751_Lulin_NB[P].jpg,Yes,1,0.022
M20220809_044046_Lulin_NB[P].jpg,Yes,3,0.021
M20220809_044553_Lulin_NB[P].jpg,Yes,4,0.057
M20220809_223649_Lulin_NB[P].jpg,Yes,1,0.011
M20220810_002950_Lulin_NB[P].jpg,Yes,1,0.017
M20220810_021831_Lulin_NB[P].jpg,Yes,1,0.032
M20220810_024152_Lulin_NB[P].jpg,Yes,1,0.016
M20220810_025627_Lulin_NB[P].jpg,Yes,1,0.014
M20220810_030901_Lulin_NB[P].jpg,Yes,1,0.018
M20220810_031800_Lulin_NB[P].jpg,Yes,1,0.020
M20220810_034020_Lulin_NB[P].jpg,Yes,2,0.026
M20220810_040112_Lulin_NB[P].jpg,Yes,1,0.018
M20220810_040344_Lulin_NB[P].jpg,Yes,1,0.014
M20220810_192844_Lulin_NB[P].jpg,Yes,2,0.029
M20220810_221510_Lulin_NB[P].jpg,Yes,1,0.020
M20220810_222714_Lulin_NB[P].jpg,Yes,1,0.030
M20220810_232154_Lulin_NB[P].jpg,Yes,1,0.006
M20220810_232440_Lulin_NB[P].jpg,Yes,1,0.024
M20220811_002521_Lulin_NB[P].jpg,No,0,0.021
M20220811_003309_Lulin_NB[P].jpg,Yes,1,0.012
M20220811_004619_Lulin_NB[P].jpg,Yes,1,0.021
M20220811_004814_Lulin_NB[P].jpg,No,0,0.016
M20220811_025017_Lulin_NB[P].jpg,No,0,0.014
M20220811_025206_Lulin_NB[P].jpg,Yes,1,0.018
M20220811_030101_Lulin_NB[P].jpg,Yes,1,0.016
M20220811_034324_Lulin_NB[P].jpg,Yes,1,0.008
M20220811_042955_Lulin_NB[P].jpg,No,0,0.000
M20220811_043431_Lulin_NB[P].jpg,Yes,2,0.010
M20220811_044706_Lulin_NB[P].jpg,Yes,1,0.008
M20220811_222908_Lulin_NB[P].jpg,No,0,0.002
M20220811_234624_Lulin_NB[P].jpg,Yes,1,0.020
M20220811_235634_Lulin_NB[P].jpg,No,0,0.010
M20220812_003004_Lulin_NB[P].jpg,Yes,1,0.016
M20220812_003119_Lulin_NB[P].jpg,No,0,0.019
M20220812_004158_Lulin_NB[P].jpg,Yes,1,0.019
M20220812_010025_Lulin_NB[P].jpg,Yes,1,0.013
M20220812_013152_Lulin_NB[P].jpg,Yes,1,0.018
M20220812_015601_Lulin_NB[P].jpg,Yes,1,0.006
M20220812_015909_Lulin_NB[P].jpg,Yes,1,0.000
M20220812_023515_Lulin_NB[P].jpg,No,0,0.013
M20220812_024304_Lulin_NB[P].jpg,Yes,1,0.006
M20220812_024315_Lulin_NB[P].jpg,Yes,1,0.016
M20220812_030035_Lulin_NB[P].jpg,Yes,1,0.016
M20220812_030516_Lulin_NB[P].jpg,Yes,2,0.022
M20220812_031306_Lulin_NB[P].jpg,Yes,1,0.003
M20220812_031937_Lulin_NB[P].jpg,Yes,1,0.020
M20220812_032930_Lulin_NB[P].jpg,Yes,2,0.010
M20220812_034647_Lulin_NB[P].jpg,Yes,2,0.018
M20220812_035133_Lulin_NB[P].jpg,No,0,0.016
M20220812_035923_Lulin_NB[P].jpg,No,0,0.016
M20220812_040116_Lulin_NB[P].jpg,No,0,0.009
M20220812_041823_Lulin_NB[P].jpg,Yes,2,0.016
M20220812_042605_Lulin_NB[P].jpg,Yes,2,0.018
M20220812_042732_Lulin_NB[P].jpg,Yes,1,0.012
M20220812_042902_Lulin_NB[P].jpg,No,0,0.010
M20220812_043410_Lulin_NB[P].jpg,No,0,0.025
M20220812_044313_Lulin_NB[P].jpg,Yes,2,0.016
M20220812_223455_Lulin_NB[P].jpg,Yes,1,0.008
M20220812_224330_Lulin_NB[P].jpg,Yes,1,0.019
M20220812_231605_Lulin_NB[P].jpg,Yes,1,0.016
M20220813_004827_Lulin_NB[P].jpg,Yes,1,0.014
M20220813_010618_Lulin_NB[P].jpg,Yes,1,0.016
M20220813_011602_Lulin_NB[P].jpg,No,0,0.000
M20220813_012656_Lulin_NB[P].jpg,Yes,1,0.014
M20220813_012714_Lulin_NB[P].jpg,Yes,1,0.010
M20220813_014151_Lulin_NB[P].jpg,Yes,1,0.011
M20220813_014205_Lulin_NB[P].jpg,Yes,1,0.014
M20220813_014231_Lulin_NB[P].jpg,Yes,1,0.013
M20220813_014614_Lulin_NB[P].jpg,Yes,1,0.018
M20220813_021014_Lulin_NB[P].jpg,No,0,0.014
M20220813_021141_Lulin_NB[P].jpg,Yes,1,0.008
M20220813_021403_Lulin_NB[P].jpg,No,0,0.014
M20220813_021933_Lulin_NB[P].jpg,Yes,1,0.015
M20220813_022443_Lulin_NB[P].jpg,Yes,1,0.016
M20220813_023703_Lulin_NB[P].jpg,Yes,2,0.016
M20220813_024924_Lulin_NB[P].jpg,Yes,1,0.009
M20220813_025319_Lulin_NB[P].jpg,Yes,1,0.016
M20220813_031817_Lulin_NB[P].jpg,Yes,2,0.016
M20220813_031903_Lulin_NB[P].jpg,Yes,1,0.006
M20220813_032055_Lulin_NB[P].jpg,Yes,2,0.019
M20220813_032341_Lulin_NB[P].jpg,Yes,1,0.010
M20220813_032527_Lulin_NB[P].jpg,Yes,1,0.028
M20220813_033201_Lulin_NB[P].jpg,Yes,1,0.013
M20220813_033233_Lulin_NB[P].jpg,Yes,1,0.008
M20220813_033438_Lulin_NB[P].jpg,Yes,1,0.019
M20220813_033502_Lulin_NB[P].jpg,Yes,1,0.026
M20220813_033621_Lulin_NB[P].jpg,Yes,1,0.012
M20220813_033748_Lulin_NB[P].jpg,Yes,2,0.016
M20220813_034350_Lulin_NB[P].jpg,Yes,1,0.016
M20220813_034957_Lulin_NB[P].jpg,Yes,1,0.022
M20220813_035610_Lulin_NB[P].jpg,No,0,0.015
M20220813_035944_Lulin_NB[P].jpg,Yes,1,0.017
M20220813_040504_Lulin_NB[P].jpg,Yes,1,0.005
M20220813_040853_Lulin_NB[P].jpg,Yes,2,0.000
M20220813_041312_Lulin_NB[P].jpg,Yes,1,0.016
M20220813_041336_Lulin_NB[P].jpg,Yes,1,0.016
M20220813_041404_Lulin_NB[P].jpg,Yes,2,0.015
M20220813_041433_Lulin_NB[P].jpg,Yes,1,0.007
M20220813_041502_Lulin_NB[P].jpg,Yes,1,0.016
M20220813_042502_Lulin_NB[P].jpg,Yes,2,0.012
M20220813_042704_Lulin_NB[P].jpg,Yes,1,0.016
M20220813_043441_Lulin_NB[P].jpg,No,0,0.013
M20220813_043915_Lulin_NB[P].jpg,Yes,1,0.016
M20220813_044126_Lulin_NB[P].jpg,Yes,2,0.001
M20220814_000326_Lulin_NB[P].jpg,Yes,1,0.016
M20220814_002144_Lulin_NB[P].jpg,No,0,0.012
M20220814_003105_Lulin_NB[P].jpg,Yes,1,0.015
M20220814_005707_Lulin_NB[P].jpg,Yes,2,0.019
M20220814_013450_Lulin_NB[P].jpg,Yes,1,0.021
M20220814_013543_Lulin_NB[P].jpg,Yes,2,0.006
M20220814_015146_Lulin_NB[P].jpg,Yes,1,0.019
M20220814_020848_Lulin_NB[P].jpg,Yes,1,0.022
M20220814_020958_Lulin_NB[P].jpg,No,0,0.010
M20220814_021014_Lulin_NB[P].jpg,Yes,2,0.020
M20220814_022207_Lulin_NB[P].jpg,Yes,1,0.013
M20220814_022750_Lulin_NB[P].jpg,Yes,1,0.017
M20220814_023202_Lulin_NB[P].jpg,Yes,1,0.019
M20220814_023556_Lulin_NB[P].jpg,Yes,1,0.003
M20220814_023624_Lulin_NB[P].jpg,Yes,1,0.018
M20220814_025638_Lulin_NB[P].jpg,No,0,0.023
M20220814_025842_Lulin_NB[P].jpg,No,0,0.017
M20220814_032134_Lulin_NB[P].jpg,Yes,1,0.021
M20220814_032423_Lulin_NB[P].jpg,No,0,0.020
M20220814_035639_Lulin_NB[P].jpg,Yes,2,0.020
M20220814_040340_Lulin_NB[P].jpg,Yes,1,0.020
M20220814_040543_Lulin_NB[P].jpg,No,0,0.014
M20220814_040551_Lulin_NB[P].jpg,Yes,1,0.012
M20220814_042200_Lulin_NB[P].jpg,Yes,2,0.016
M20220814_042247_Lulin_NB[P].jpg,Yes,1,0.011
M20220814_042350_Lulin_NB[P].jpg,Yes,2,0.003
M20220814_043410_Lulin_NB[P].jpg,Yes,1,0.015
M20220814_044711_Lulin_NB[P].jpg,Yes,2,0.016
M20220814_044914_Lulin_NB[P].jpg,Yes,1,0.015
M20220814_200944_Lulin_NB[P].jpg,No,0,0.031
M20220814_201257_Lulin_NB[P].jpg,Yes,1,0.011
M20220814_220618_Lulin_NB[P].jpg,Yes,1,0.021
M20220814_231941_Lulin_NB[P].jpg,Yes,1,0.015
M20220814_232034_Lulin_NB[P].jpg,Yes,1,0.016
M20220814_233139_Lulin_NB[P].jpg,Yes,1,0.016
M20220815_002038_Lulin_NB[P].jpg,Yes,1,0.016
M20220815_002957_Lulin_NB[P].jpg,Yes,2,0.020
M20220815_004049_Lulin_NB[P].jpg,Yes,2,0.012
M20220815_010031_Lulin_NB[P].jpg,Yes,2,0.015
M20220815_010701_Lulin_NB[P].jpg,Yes,1,0.021
M20220815_010918_Lulin_NB[P].jpg,Yes,1,0.017
M20220815_011405_Lulin_NB[P].jpg,Yes,1,0.021
M20220815_012800_Lulin_NB[P].jpg,Yes,2,0.011
M20220815_013109_Lulin_NB[P].jpg,Yes,1,0.018
M20220815_021308_Lulin_NB[P].jpg,Yes,1,0.017
M20220815_021912_Lulin_NB[P].jpg,Yes,1,0.016
M20220815_022102_Lulin_NB[P].jpg,Yes,1,0.016
M20220815_030456_Lulin_NB[P].jpg,Yes,1,0.020
M20220815_032551_Lulin_NB[P].jpg,Yes,2,0.028
M20220815_032837_Lulin_NB[P].jpg,Yes,2,0.017
M20220815_033013_Lulin_NB[P].jpg,Yes,1,0.024
M20220815_033203_Lulin_NB[P].jpg,Yes,1,0.025
M20220815_033241_Lulin_NB[P].jpg,Yes,1,0.018
M20220815_033411_Lulin_NB[P].jpg,Yes,2,0.021
M20220815_033631_Lulin_NB[P].jpg,Yes,1,0.013
M20220815_033847_Lulin_NB[P].jpg,Yes,1,0.020
M20220815_034722_Lulin_NB[P].jpg,Yes,2,0.014
M20220815_034742_Lulin_NB[P].jpg,Yes,1,0.016
M20220815_040903_Lulin_NB[P].jpg,Yes,2,0.010
M20220815_041350_Lulin_NB[P].jpg,Yes,1,0.014
M20220815_042003_Lulin_NB[P].jpg,Yes,2,0.016
M20220815_042241_Lulin_NB[P].jpg,Yes,1,0.027
M20220815_042936_Lulin_NB[P].jpg,Yes,1,0.016
M20220815_043326_Lulin_NB[P].jpg,Yes,1,0.018
M20220815_043404_Lulin_NB[P].jpg,No,0,0.020
M20220815_043409_Lulin_NB[P].jpg,Yes,1,0.009
M20220815_043648_Lulin_NB[P].jpg,Yes,1,0.018
M20220815_044058_Lulin_NB[P].jpg,Yes,1,0.014
M20220815_044646_Lulin_NB[P].jpg,Yes,1,0.017
M20220815_044707_Lulin_NB[P].jpg,Yes,1,0.016
M20220815_200642_Lulin_NB[P].jpg,Yes,1,0.026
M20220815_222958_Lulin_NB[P].jpg,No,0,0.005
M20220815_225042_Lulin_NB[P].jpg,No,0,0.010
M20220815_225244_Lulin_NB[P].jpg,Yes,1,0.009
M20220815_230031_Lulin_NB[P].jpg,Yes,1,0.016
M20220816_001936_Lulin_NB[P].jpg,Yes,1,0.007
M20220816_002135_Lulin_NB[P].jpg,Yes,2,0.016
M20220816_002742_Lulin_NB[P].jpg,Yes,2,0.014
M20220816_003413_Lulin_NB[P].jpg,No,0,0.012
M20220816_004355_Lulin_NB[P].jpg,Yes,2,0.008
M20220816_005256_Lulin_NB[P].jpg,Yes,3,0.011
M20220816_012744_Lulin_NB[P].jpg,Yes,2,0.016
M20220816_013026_Lulin_NB[P].jpg,Yes,1,0.016
M20220816_020347_Lulin_NB[P].jpg,No,0,0.026
M20220816_021954_Lulin_NB[P].jpg,Yes,1,0.017
M20220816_023141_Lulin_NB[P].jpg,Yes,1,0.013
M20220816_024559_Lulin_NB[P].jpg,Yes,2,0.012
M20220816_025537_Lulin_NB[P].jpg,Yes,1,0.016
M20220816_032604_Lulin_NB[P].jpg,Yes,2,0.028
M20220816_034856_Lulin_NB[P].jpg,Yes,2,0.013
M20220816_035228_Lulin_NB[P].jpg,Yes,1,0.015
M20220816_040430_Lulin_NB[P].jpg,Yes,1,0.021
M20220816_042639_Lulin_NB[P].jpg,Yes,1,0.020
M20220816_202518_Lulin_NB[P].jpg,Yes,2,0.022
M20220816_211053_Lulin_NB[P].jpg,Yes,1,0.019
M20220816_211912_Lulin_NB[P].jpg,No,0,0.019
M20220816_213418_Lulin_NB[P].jpg,Yes,1,0.020
M20220816_215848_Lulin_NB[P].jpg,Yes,1,0.020
M20220816_223219_Lulin_NB[P].jpg,No,0,0.010
M20220816_225334_Lulin_NB[P].jpg,Yes,1,0.017
M20220816_225913_Lulin_NB[P].jpg,Yes,1,0.018
M20220816_234212_Lulin_NB[P].jpg,Yes,1,0.011
M20220816_234553_Lulin_NB[P].jpg,Yes,1,0.019
M20220817_002205_Lulin_NB[P].jpg,Yes,1,0.022
M20220817_010630_Lulin_NB[P].jpg,Yes,1,0.009
M20220817_010742_Lulin_NB[P].jpg,No,0,0.014
M20220817_011404_Lulin_NB[P].jpg,Yes,1,0.017
M20220817_014252_Lulin_NB[P].jpg,Yes,1,0.016
M20220817_015346_Lulin_NB[P].jpg,Yes,1,0.008
M20220817_020022_Lulin_NB[P].jpg,Yes,1,0.016
M20220817_021052_Lulin_NB[P].jpg,No,0,0.013
M20220817_022540_Lulin_NB[P].jpg,Yes,1,0.007
M20220817_031213_Lulin_NB[P].jpg,Yes,2,0.014
M20220817_031714_Lulin_NB[P].jpg,No,0,0.010
M20220817_031937_Lulin_NB[P].jpg,Yes,2,0.013
M20220817_032203_Lulin_NB[P].jpg,Yes,2,0.026
M20220817_033041_Lulin_NB[P].jpg,Yes,1,0.022
M20220817_034132_Lulin_NB[P].jpg,Yes,1,0.017
M20220817_040054_Lulin_NB[P].jpg,Yes,3,0.019
M20220817_040848_Lulin_NB[P].jpg,No,0,0.016
M20220817_041157_Lulin_NB[P].jpg,Yes,2,0.008
M20220817_042429_Lulin_NB[P].jpg,Yes,1,0.016
M20220817_044211_Lulin_NB[P].jpg,Yes,1,0.022
M20220818_021744_Lulin_NB[P].jpg,Yes,1,0.016
M20220818_223746_Lulin_NB[P].jpg,Yes,1,0.016
M20220818_232000_Lulin_NB[P].jpg,Yes,1,0.008
M20220819_012410_Lulin_NB[P].jpg,No,0,0.016
M20220819_021337_Lulin_NB[P].jpg,No,0,0.023
M20220819_023337_Lulin_NB[P].jpg,Yes,1,0.017
M20220819_023940_Lulin_NB[P].jpg,No,0,0.000
M20220819_031502_Lulin_NB[P].jpg,No,0,0.016
M20220819_032901_Lulin_NB[P].jpg,Yes,2,0.008
M20220819_041637_Lulin_NB[P].jpg,Yes,1,0.021
M20220819_222525_Lulin_NB[P].jpg,Yes,1,0.011
M20220819_223622_Lulin_NB[P].jpg,No,0,0.009
M20220819_235045_Lulin_NB[P].jpg,Yes,1,0.014
M20220820_005651_Lulin_NB[P].jpg,Yes,2,0.016
M20220820_020240_Lulin_NB[P].jpg,Yes,1,0.022
M20220820_023440_Lulin_NB[P].jpg,No,0,0.016
M20220820_024124_Lulin_NB[P].jpg,No,0,0.010
M20220820_030526_Lulin_NB[P].jpg,No,0,0.016
M20220820_030553_Lulin_NB[P].jpg,Yes,1,0.007
M20220820_032151_Lulin_NB[P].jpg,Yes,1,0.019
M20220820_033611_Lulin_NB[P].jpg,Yes,1,0.010
M20220820_040918_Lulin_NB[P].jpg,Yes,1,0.003
M20220820_041947_Lulin_NB[P].jpg,Yes,1,0.016
M20220820_042632_Lulin_NB[P].jpg,Yes,1,0.012
M20220820_231230_Lulin_NB[P].jpg,No,0,0.016
M20220820_235848_Lulin_NB[P].jpg,Yes,1,0.015
M20220821_022838_Lulin_NB[P].jpg,Yes,1,0.017
M20220821_024743_Lulin_NB[P].jpg,Yes,2,0.023
M20220821_030641_Lulin_NB[P].jpg,Yes,2,0.019
M20220821_031520_Lulin_NB[P].jpg,Yes,1,0.017
M20220821_031755_Lulin_NB[P].jpg,Yes,1,0.009
M20220821_033238_Lulin_NB[P].jpg,No,0,0.007
M20220821_035140_Lulin_NB[P].jpg,Yes,1,0.016
M20220821_041313_Lulin_NB[P].jpg,Yes,1,0.015
M20220821_043336_Lulin_NB[P].jpg,No,0,0.021
M20220822_001407_Lulin_NB[P].jpg,Yes,1,0.019
M20220822_001415_Lulin_NB[P].jpg,No,0,0.022
M20220822_010545_Lulin_NB[P].jpg,Yes,1,0.025
M20220822_012031_Lulin_NB[P].jpg,Yes,1,0.023
M20220822_035935_Lulin_NB[P].jpg,Yes,1,0.016
M20220822_040046_Lulin_NB[P].jpg,Yes,1,0.016
M20220822_042736_Lulin_NB[P].jpg,Yes,1,0.019
M20220822_043502_Lulin_NB[P].jpg,Yes,1,0.007
M20220822_045752_Lulin_NB[P].jpg,No,0,0.020
M20220823_004301_Lulin_NB[P].jpg,Yes,1,0.014
M20220823_023214_Lulin_NB[P].jpg,No,0,0.013
M20220823_024028_Lulin_NB[P].jpg,Yes,1,0.015
M20220823_030201_Lulin_NB[P].jpg,No,0,0.022
M20220823_030532_Lulin_NB[P].jpg,Yes,1,0.026
M20220823_031443_Lulin_NB[P].jpg,Yes,1,0.031
M20220823_033221_Lulin_NB[P].jpg,No,0,0.023
M20220823_212751_Lulin_NB[P].jpg,Yes,1,0.016
M20220823_214246_Lulin_NB[P].jpg,Yes,1,0.026
M20220824_024743_Lulin_NB[P].jpg,Yes,1,0.020
M20220825_015632_Lulin_NB[P].jpg,Yes,1,0.018
M20220825_024733_Lulin_NB[P].jpg,Yes,1,0.021
M20220825_034923_Lulin_NB[P].jpg,No,0,0.018
M20220825_035834_Lulin_NB[P].jpg,No,0,0.016
M20220825_041941_Lulin_NB[P].jpg,No,0,0.017
M20220825_043731_Lulin_NB[P].jpg,Yes,1,0.009
M20220825_044607_Lulin_NB[P].jpg,Yes,1,0.014
M20220826_014030_Lulin_NB[P].jpg,Yes,1,0.024
M20220826_034140_Lulin_NB[P].jpg,Yes,1,0.020
M20220826_034856_Lulin_NB[P].jpg,Yes,1,0.019
M20220826_040815_Lulin_NB[P].jpg,Yes,1,0.020
M20220826_044251_Lulin_NB[P].jpg,Yes,1,0.021
M20220826_044743_Lulin_NB[P].jpg,No,0,0.020
M20220827_001619_Lulin_NB[P].jpg,Yes,1,0.022
M20220827_012038_Lulin_NB[P].jpg,No,0,0.016
M20220827_031522_Lulin_NB[P].jpg,No,0,0.016
M20220827_032355_Lulin_NB[P].jpg,No,0,0.000
M20220827_040848_Lulin_NB[P].jpg,Yes,1,0.016
M20220827_045716_Lulin_NB[P].jpg,Yes,2,0.017
M20220828_012750_Lulin_NB[P].jpg,Yes,1,0.014
M20220828_022444_Lulin_NB[P].jpg,Yes,1,0.018
M20220828_033441_Lulin_NB[P].jpg,Yes,1,0.017
M20220828_034405_Lulin_NB[P].jpg,Yes,1,0.018
M20220828_040025_Lulin_NB[P].jpg,No,0,0.015
M20220828_043128_Lulin_NB[P].jpg,No,0,0.016
M20220828_045041_Lulin_NB[P].jpg,Yes,2,0.017
M20220829_002714_Lulin_NB[P].jpg,Yes,1,0.009
M20220829_010549_Lulin_NB[P].jpg,No,0,0.013
M20220829_025334_Lulin_NB[P].jpg,Yes,2,0.005
M20220829_032132_Lulin_NB[P].jpg,Yes,1,0.015
M20220829_034210_Lulin_NB[P].jpg,No,0,0.018
M20220829_040830_Lulin_NB[P].jpg,Yes,1,0.019
M20220829_041531_Lulin_NB[P].jpg,Yes,1,0.014
M20220829_042411_Lulin_NB[P].jpg,Yes,1,0.016
M20220830_012853_Lulin_NB[P].jpg,Yes,1,0.021
M20220830_020223_Lulin_NB[P].jpg,Yes,1,0.022
M20220830_020659_Lulin_NB[P].jpg,Yes,2,0.004
M20220830_022024_Lulin_NB[P].jpg,Yes,1,0.016
M20220830_023025_Lulin_NB[P].jpg,No,0,0.008
M20220830_030005_Lulin_NB[P].jpg,Yes,1,0.017
M20220830_030245_Lulin_NB[P].jpg,Yes,3,0.016
M20220830_035536_Lulin_NB[P].jpg,No,0,0.016
M20220830_040929_Lulin_NB[P].jpg,Yes,1,0.014
M20220830_042323_Lulin_NB[P].jpg,No,0,0.020
M20220830_042709_Lulin_NB[P].jpg,Yes,1,0.016
M20220830_042810_Lulin_NB[P].jpg,Yes,1,0.008
M20220830_043323_Lulin_NB[P].jpg,Yes,1,0.016
M20220830_044530_Lulin_NB[P].jpg,Yes,1,0.016
M20220830_214041_Lulin_NB[P].jpg,Yes,1,0.007
M20220831_005247_Lulin_NB[P].jpg,Yes,1,0.016
M20220831_011323_Lulin_NB[P].jpg,Yes,1,0.016
M20220831_024948_Lulin_NB[P].jpg,No,0,0.016
M20220831_033603_Lulin_NB[P].jpg,No,0,0.010
M20220831_042314_Lulin_NB[P].jpg,No,0,0.016
M20220831_043556_Lulin_NB[P].jpg,Yes,1,0.016
M20220831_043609_Lulin_NB[P].jpg,No,0,0.016
M20220903_042414_Lulin_NB[P].jpg,Yes,1,0.004
M20220903_042430_Lulin_NB[P].jpg,Yes,1,0.016
M20220903_045907_Lulin_NB[P].jpg,Yes,2,0.025
M20220906_025952_Lulin_NB[P].jpg,Yes,1,0.009
M20220906_031828_Lulin_NB[P].jpg,No,0,0.007
M20220906_034105_Lulin_NB[P].jpg,Yes,1,0.020
M20220906_034529_Lulin_NB[P].jpg,Yes,1,0.021
M20220906_035925_Lulin_NB[P].jpg,Yes,1,0.023
M20220908_021020_Lulin_NB[P].jpg,No,0,0.017
M20220908_203529_Lulin_NB[P].jpg,No,0,0.016
M20220908_215928_Lulin_NB[P].jpg,Yes,1,0.014
M20220909_002036_Lulin_NB[P].jpg,Yes,1,0.012
M20220909_012505_Lulin_NB[P].jpg,No,0,0.013
M20220909_032139_Lulin_NB[P].jpg,No,0,0.016
M20220909_032533_Lulin_NB[P].jpg,No,0,0.018
M20220909_032639_Lulin_NB[P].jpg,No,0,0.017
M20220909_033018_Lulin_NB[P].jpg,Yes,1,0.011
M20220909_042659_Lulin_NB[P].jpg,Yes,1,0.016
M20220909_043013_Lulin_NB[P].jpg,Yes,1,0.014
M20220909_044619_Lulin_NB[P].jpg,No,0,0.016
M20220909_045258_Lulin_NB[P].jpg,Yes,2,0.016
M20220909_045408_Lulin_NB[P].jpg,Yes,1,0.018
M20220909_215035_Lulin_NB[P].jpg,Yes,1,0.014
M20220910_033025_Lulin_NB[P].jpg,No,0,0.016
M20220910_034337_Lulin_NB[P].jpg,Yes,1,0.011
M20220910_035013_Lulin_NB[P].jpg,Yes,1,0.008
M20220910_042528_Lulin_NB[P].jpg,Yes,1,0.002
M20220910_043547_Lulin_NB[P].jpg,Yes,1,0.000
M20220910_050303_Lulin_NB[P].jpg,Yes,1,0.015
M20220910_211602_Lulin_NB[P].jpg,Yes,1,0.048
M20220910_224448_Lulin_NB[P].jpg,Yes,2,0.019
M20220910_232329_Lulin_NB[P].jpg,Yes,1,0.013
M20220911_001603_Lulin_NB[P].jpg,Yes,2,0.013
M20220911_020252_Lulin_NB[P].jpg,Yes,2,0.022
M20220911_032010_Lulin_NB[P].jpg,Yes,3,0.015
M20220911_032159_Lulin_NB[P].jpg,Yes,3,0.032
M20220911_032734_Lulin_NB[P].jpg,Yes,2,0.023
M20220911_034116_Lulin_NB[P].jpg,Yes,1,0.016
M20220912_010905_Lulin_NB[P].jpg,Yes,1,0.006
M20220912_013541_Lulin_NB[P].jpg,Yes,2,0.018
M20220912_021758_Lulin_NB[P].jpg,Yes,1,0.017
M20220912_034602_Lulin_NB[P].jpg,No,0,0.017
M20220912_044452_Lulin_NB[P].jpg,Yes,1,0.016
M20220912_045027_Lulin_NB[P].jpg,Yes,1,0.016
M20220914_031347_Lulin_NB[P].jpg,No,0,0.000
M20220914_032804_Lulin_NB[P].jpg,Yes,1,0.016
M20220914_033507_Lulin_NB[P].jpg,Yes,1,0.006
M20220914_225137_Lulin_NB[P].jpg,Yes,1,0.015
M20220915_021509_Lulin_NB[P].jpg,Yes,2,0.008
M20220915_041254_Lulin_NB[P].jpg,Yes,1,0.016
M20220915_041430_Lulin_NB[P].jpg,Yes,1,0.016
M20220915_043114_Lulin_NB[P].jpg,No,0,0.016
M20220915_045321_Lulin_NB[P].jpg,No,0,0.011
M20220916_032251_Lulin_NB[P].jpg,Yes,1,0.012
M20220916_044827_Lulin_NB[P].jpg,Yes,1,0.016
M20220917_020032_Lulin_NB[P].jpg,Yes,1,0.016
M20220917_200501_Lulin_NB[P].jpg,Yes,1,0.016
M20220918_044852_Lulin_NB[P].jpg,Yes,1,0.016
M20220918_210059_Lulin_NB[P].jpg,Yes,1,0.012
M20220919_002722_Lulin_NB[P].jpg,Yes,1,0.011
M20220919_023245_Lulin_NB[P].jpg,Yes,1,0.006
M20220919_033217_Lulin_NB[P].jpg,No,0,0.006
M20220919_041026_Lulin_NB[P].jpg,No,0,0.022
M20220919_041512_Lulin_NB[P].jpg,No,0,0.006
M20220919_041745_Lulin_NB[P].jpg,No,0,0.000
M20220919_045420_Lulin_NB[P].jpg,No,0,0.011
M20220920_003217_Lulin_NB[P].jpg,No,0,0.032
M20220921_014543_Lulin_NB[P].jpg,Yes,1,0.022
M20220921_021022_Lulin_NB[P].jpg,Yes,1,0.019
M20220921_021041_Lulin_NB[P].jpg,Yes,1,0.014
M20220921_023222_Lulin_NB[P].jpg,Yes,1,0.022
M20220921_024315_Lulin_NB[P].jpg,Yes,1,0.016
M20220921_035651_Lulin_NB[P].jpg,Yes,1,0.020
M20220921_041034_Lulin_NB[P].jpg,Yes,1,0.023
M20220921_041039_Lulin_NB[P].jpg,Yes,2,0.020
M20220921_041403_Lulin_NB[P].jpg,Yes,1,0.011
M20220921_042923_Lulin_NB[P].jpg,Yes,1,0.005
M20220923_045051_Lulin_NB[P].jpg,Yes,1,0.000
M20220923_045845_Lulin_NB[P].jpg,Yes,1,0.013
M20220923_050024_Lulin_NB[P].jpg,Yes,1,0.016
M20220923_050039_Lulin_NB[P].jpg,Yes,1,0.006
M20220923_050310_Lulin_NB[P].jpg,Yes,1,0.016
M20220925_021201_Lulin_NB[P].jpg,Yes,1,0.000
M20220925_021954_Lulin_NB[P].jpg,Yes,1,0.016
M20220925_032013_Lulin_NB[P].jpg,Yes,1,0.028
M20220925_032942_Lulin_NB[P].jpg,Yes,1,0.013
M20220925_040910_Lulin_NB[P].jpg,Yes,1,0.023
M20220925_044247_Lulin_NB[P].jpg,Yes,1,0.008
M20220927_002033_Lulin_NB[P].jpg,Yes,1,0.016
M20220927_013304_Lulin_NB[P].jpg,Yes,1,0.021
M20220927_015345_Lulin_NB[P].jpg,Yes,1,0.009
M20220927_020009_Lulin_NB[P].jpg,Yes,1,0.015
M20220927_020343_Lulin_NB[P].jpg,Yes,1,0.011
M20220927_030523_Lulin_NB[P].jpg,Yes,2,0.019
M20220927_032330_Lulin_NB[P].jpg,Yes,1,0.009
M20220927_032650_Lulin_NB[P].jpg,Yes,1,0.010
M20220927_040228_Lulin_NB[P].jpg,Yes,3,0.012
M20220927_042713_Lulin_NB[P].jpg,Yes,1,0.009
M20220927_042935_Lulin_NB[P].jpg,Yes,2,0.014
M20220927_185609_Lulin_NB[P].jpg,Yes,1,0.011
M20220928_000447_Lulin_NB[P].jpg,No,0,0.021
M20220928_002604_Lulin_NB[P].jpg,Yes,1,0.016
M20220928_002941_Lulin_NB[P].jpg,Yes,1,0.024
M20220928_003652_Lulin_NB[P].jpg,Yes,1,0.010
M20220928_022513_Lulin_NB[P].jpg,No,0,0.015
M20220928_024057_Lulin_NB[P].jpg,No,0,0.013
M20220928_025037_Lulin_NB[P].jpg,No,0,0.021
M20220928_030448_Lulin_NB[P].jpg,Yes,1,0.014
M20220928_032343_Lulin_NB[P].jpg,Yes,1,0.012
M20220928_033055_Lulin_NB[P].jpg,Yes,1,0.012
M20220928_050556_Lulin_NB[P].jpg,Yes,1,0.016
M20220929_204600_Lulin_NB[P].jpg,Yes,1,0.003
M20220930_012128_Lulin_NB[P].jpg,Yes,2,0.009
M20220930_033247_Lulin_NB[P].jpg,No,0,0.021
M20220930_040352_Lulin_NB[P].jpg,No,0,0.006
M20220930_044056_Lulin_NB[P].jpg,Yes,1,0.016
M20220930_044734_Lulin_NB[P].jpg,Yes,1,0.013
M20220930_045933_Lulin_NB[P].jpg,Yes,1,0.012
M20220930_050206_Lulin_NB[P].jpg,Yes,1,0.006
M20221001_012357_Lulin_NB[P].jpg,Yes,1,0.034
M20221001_014604_Lulin_NB[P].jpg,Yes,1,0.024
M20221001_015249_Lulin_NB[P].jpg,No,0,0.027
M20221001_035332_Lulin_NB[P].jpg,No,0,0.024
M20221001_045200_Lulin_NB[P].jpg,Yes,1,0.012
